position,accuracy
p_1,0.5833333333333334
p_2,0.46296296296296297
p_3,0.5277777777777778
p_4,0.6018518518518519
p_5,0.5833333333333334
p_6,0.5648148148148148
p_7,0.5277777777777778
p_8,0.6203703703703703
p_9,0.5648148148148148
p_10,0.5648148148148148
p_11,0.5833333333333334
p_12,0.6574074074074074
p_13,0.5185185185185185
p_14,0.5185185185185185
p_15,0.6203703703703703
p_16,0.5925925925925926
p_17,0.6574074074074074
p_18,0.5555555555555556
p_19,0.6666666666666666
p_20,0.5092592592592593
p_21,0.5740740740740741
p_22,0.5370370370370371
p_23,0.5462962962962963
p_24,0.5648148148148148
p_25,0.5648148148148148
p_26,0.6018518518518519
p_27,0.5
p_28,0.4444444444444444
p_29,0.6018518518518519
p_30,0.5740740740740741
p_31,0.6111111111111112
p_32,0.6203703703703703
p_33,0.5277777777777778
p_34,0.5925925925925926
p_35,0.5185185185185185
p_36,0.5185185185185185
p_37,0.5740740740740741
p_38,0.5277777777777778
p_39,0.3611111111111111
p_40,0.4537037037037037
p_41,0.5
p_42,0.5462962962962963
p_43,0.49074074074074076
p_44,0.4722222222222222
p_45,0.5555555555555556
p_46,0.6111111111111112
p_47,0.5555555555555556
p_48,0.5370370370370371
p_49,0.5925925925925926
p_50,0.5092592592592593
p_51,0.4444444444444444
p_52,0.5277777777777778
p_53,0.6203703703703703
p_54,0.5740740740740741
p_55,0.6666666666666666
p_56,0.5370370370370371
p_57,0.49074074074074076
p_58,0.5370370370370371
p_59,0.5185185185185185
p_60,0.46296296296296297
p_61,0.48148148148148145
p_62,0.6111111111111112
p_63,0.5555555555555556
p_64,0.5185185185185185
p_65,0.49074074074074076
p_66,0.5833333333333334
p_67,0.37962962962962965
p_68,0.42592592592592593
p_69,0.5370370370370371
p_70,0.4444444444444444
p_71,0.5833333333333334
p_72,0.5185185185185185
p_73,0.5462962962962963
p_74,0.5370370370370371
p_75,0.5185185185185185
p_76,0.4074074074074074
p_77,0.39814814814814814
p_78,0.4166666666666667
p_79,0.4166666666666667
p_80,0.4537037037037037
p_81,0.6759259259259259
p_82,0.5925925925925926
p_83,0.5833333333333334
p_84,0.6111111111111112
p_85,0.4166666666666667
p_86,0.37962962962962965
p_87,0.48148148148148145
p_88,0.7222222222222222
p_89,0.4537037037037037
p_90,0.46296296296296297
p_91,0.6203703703703703
p_92,0.5648148148148148
p_93,0.6111111111111112
p_94,0.4722222222222222
p_95,0.6018518518518519
p_96,0.4351851851851852
p_97,0.5925925925925926
p_98,0.49074074074074076
p_99,0.3148148148148148
p_100,0.48148148148148145
p_101,0.5
p_102,0.5555555555555556
p_103,0.4444444444444444
p_104,0.49074074074074076
p_105,0.4351851851851852
p_106,0.5462962962962963
p_107,0.5277777777777778
p_108,0.4537037037037037
p_109,0.4166666666666667
p_110,0.5462962962962963
p_111,0.4351851851851852
p_112,0.5370370370370371
p_113,0.37037037037037035
p_114,0.4351851851851852
p_115,0.5462962962962963
p_116,0.37037037037037035
p_117,0.5462962962962963
p_118,0.42592592592592593
p_119,0.5925925925925926
p_120,0.5740740740740741
p_121,0.5277777777777778
p_122,0.32407407407407407
p_123,0.46296296296296297
p_124,0.4444444444444444
p_125,0.3888888888888889
p_126,0.4166666666666667
p_127,0.5462962962962963
p_128,0.39814814814814814
p_129,0.42592592592592593
p_130,0.39814814814814814
p_131,0.4444444444444444
p_132,0.4537037037037037
p_133,0.5370370370370371
p_134,0.4351851851851852
p_135,0.49074074074074076
p_136,0.4166666666666667
p_137,0.6296296296296297
p_138,0.5092592592592593
p_139,0.42592592592592593
p_140,0.4444444444444444
p_141,0.4537037037037037
p_142,0.42592592592592593
p_143,0.5185185185185185
p_144,0.5833333333333334
p_145,0.4074074074074074
p_146,0.37962962962962965
p_147,0.4351851851851852
p_148,0.3888888888888889
p_149,0.48148148148148145
p_150,0.39814814814814814
p_151,0.3888888888888889
p_152,0.46296296296296297
p_153,0.5092592592592593
p_154,0.39814814814814814
p_155,0.49074074074074076
p_156,0.5370370370370371
p_157,0.39814814814814814
p_158,0.46296296296296297
p_159,0.4444444444444444
p_160,0.48148148148148145
p_161,0.5185185185185185
p_162,0.39814814814814814
p_163,0.3888888888888889
p_164,0.4074074074074074
p_165,0.3888888888888889
p_166,0.37962962962962965
p_167,0.46296296296296297
p_168,0.42592592592592593
p_169,0.6111111111111112
p_170,0.5370370370370371
p_171,0.4166666666666667
p_172,0.5555555555555556
p_173,0.4351851851851852
p_174,0.37962962962962965
p_175,0.3888888888888889
p_176,0.3425925925925926
p_177,0.42592592592592593
p_178,0.4166666666666667
p_179,0.3611111111111111
p_180,0.35185185185185186
p_181,0.49074074074074076
p_182,0.3333333333333333
p_183,0.5833333333333334
p_184,0.5185185185185185
p_185,0.3611111111111111
p_186,0.4722222222222222
p_187,0.42592592592592593
p_188,0.3611111111111111
p_189,0.4166666666666667
p_190,0.48148148148148145
p_191,0.5925925925925926
p_192,0.46296296296296297
p_193,0.4351851851851852
p_194,0.42592592592592593
p_195,0.4074074074074074
p_196,0.4537037037037037
p_197,0.5092592592592593
p_198,0.5370370370370371
p_199,0.6203703703703703
p_200,0.46296296296296297
p_201,0.5555555555555556
p_202,0.5833333333333334
p_203,0.4166666666666667
p_204,0.5462962962962963
p_205,0.37962962962962965
p_206,0.46296296296296297
p_207,0.4537037037037037
p_208,0.4537037037037037
p_209,0.35185185185185186
p_210,0.5555555555555556
p_211,0.5092592592592593
p_212,0.46296296296296297
p_213,0.4722222222222222
p_214,0.5277777777777778
p_215,0.4074074074074074
p_216,0.35185185185185186
p_217,0.4166666666666667
p_218,0.37037037037037035
p_219,0.5092592592592593
p_220,0.4537037037037037
p_221,0.5092592592592593
p_222,0.4351851851851852
p_223,0.48148148148148145
p_224,0.4537037037037037
p_225,0.42592592592592593
p_226,0.4537037037037037
p_227,0.4351851851851852
p_228,0.5092592592592593
p_229,0.46296296296296297
p_230,0.49074074074074076
p_231,0.4444444444444444
p_232,0.5555555555555556
p_233,0.4537037037037037
p_234,0.5185185185185185
p_235,0.46296296296296297
p_236,0.4537037037037037
p_237,0.4444444444444444
p_238,0.6296296296296297
p_239,0.4537037037037037
p_240,0.49074074074074076
p_241,0.4166666666666667
p_242,0.4351851851851852
p_243,0.48148148148148145
p_244,0.5740740740740741
p_245,0.4444444444444444
p_246,0.46296296296296297
p_247,0.49074074074074076
p_248,0.46296296296296297
p_249,0.4722222222222222
p_250,0.39814814814814814
p_251,0.35185185185185186
p_252,0.4722222222222222
p_253,0.4074074074074074
p_254,0.42592592592592593
p_255,0.42592592592592593
p_256,0.48148148148148145
p_257,0.4444444444444444
p_258,0.4166666666666667
p_259,0.5740740740740741
p_260,0.4351851851851852
p_261,0.3425925925925926
p_262,0.4537037037037037
p_263,0.5
p_264,0.5
p_265,0.5092592592592593
p_266,0.6018518518518519
p_267,0.4444444444444444
p_268,0.4351851851851852
p_269,0.4537037037037037
p_270,0.3888888888888889
p_271,0.35185185185185186
p_272,0.3611111111111111
p_273,0.5185185185185185
p_274,0.49074074074074076
p_275,0.5092592592592593
p_276,0.4351851851851852
p_277,0.5925925925925926
p_278,0.3888888888888889
p_279,0.39814814814814814
p_280,0.3888888888888889
p_281,0.4074074074074074
p_282,0.5
p_283,0.6203703703703703
p_284,0.6666666666666666
p_285,0.5370370370370371
p_286,0.5740740740740741
p_287,0.3888888888888889
p_288,0.5
p_289,0.4351851851851852
p_290,0.6296296296296297
p_291,0.4444444444444444
p_292,0.5185185185185185
p_293,0.5370370370370371
p_294,0.5462962962962963
p_295,0.4722222222222222
p_296,0.4351851851851852
p_297,0.4537037037037037
p_298,0.5925925925925926
p_299,0.4537037037037037
p_300,0.5555555555555556
p_301,0.3611111111111111
p_302,0.4074074074074074
p_303,0.46296296296296297
p_304,0.5277777777777778
p_305,0.4074074074074074
p_306,0.48148148148148145
p_307,0.46296296296296297
p_308,0.5370370370370371
p_309,0.5370370370370371
p_310,0.4537037037037037
p_311,0.5277777777777778
p_312,0.4074074074074074
p_313,0.46296296296296297
p_314,0.5462962962962963
p_315,0.4351851851851852
p_316,0.49074074074074076
p_317,0.39814814814814814
p_318,0.5
p_319,0.4074074074074074
p_320,0.5277777777777778
p_321,0.5
p_322,0.5833333333333334
p_323,0.4722222222222222
p_324,0.4722222222222222
p_325,0.4444444444444444
p_326,0.37037037037037035
p_327,0.5462962962962963
p_328,0.48148148148148145
p_329,0.37962962962962965
p_330,0.39814814814814814
p_331,0.4166666666666667
p_332,0.37962962962962965
p_333,0.5
p_334,0.46296296296296297
p_335,0.5
p_336,0.5092592592592593
p_337,0.4722222222222222
p_338,0.4444444444444444
p_339,0.4166666666666667
p_340,0.4074074074074074
p_341,0.39814814814814814
p_342,0.4537037037037037
p_343,0.4351851851851852
p_344,0.49074074074074076
p_345,0.4351851851851852
p_346,0.6111111111111112
p_347,0.42592592592592593
p_348,0.5370370370370371
p_349,0.48148148148148145
p_350,0.37962962962962965
p_351,0.4537037037037037
p_352,0.4722222222222222
p_353,0.4166666666666667
p_354,0.4351851851851852
p_355,0.4444444444444444
p_356,0.5740740740740741
p_357,0.5648148148148148
p_358,0.5
p_359,0.37037037037037035
p_360,0.4166666666666667
p_361,0.2962962962962963
p_362,0.4074074074074074
p_363,0.48148148148148145
p_364,0.49074074074074076
p_365,0.5
p_366,0.48148148148148145
p_367,0.5185185185185185
p_368,0.5740740740740741
p_369,0.3888888888888889
p_370,0.4074074074074074
p_371,0.5277777777777778
p_372,0.42592592592592593
p_373,0.4166666666666667
p_374,0.28703703703703703
p_375,0.5277777777777778
p_376,0.37962962962962965
p_377,0.5740740740740741
p_378,0.46296296296296297
p_379,0.4166666666666667
p_380,0.5
p_381,0.4444444444444444
p_382,0.5277777777777778
p_383,0.5740740740740741
p_384,0.6111111111111112
p_385,0.5740740740740741
p_386,0.4351851851851852
p_387,0.5833333333333334
p_388,0.49074074074074076
p_389,0.6111111111111112
p_390,0.5648148148148148
p_391,0.5277777777777778
p_392,0.5370370370370371
p_393,0.5277777777777778
p_394,0.5
p_395,0.6018518518518519
p_396,0.6018518518518519
p_397,0.5555555555555556
p_398,0.39814814814814814
p_399,0.4722222222222222
p_400,0.5185185185185185
p_401,0.42592592592592593
p_402,0.48148148148148145
p_403,0.4444444444444444
p_404,0.49074074074074076
p_405,0.5370370370370371
p_406,0.5740740740740741
p_407,0.5740740740740741
p_408,0.6296296296296297
p_409,0.32407407407407407
p_410,0.42592592592592593
p_411,0.48148148148148145
p_412,0.5
p_413,0.4074074074074074
p_414,0.5277777777777778
p_415,0.4074074074074074
p_416,0.4444444444444444
p_417,0.4537037037037037
p_418,0.4722222222222222
p_419,0.46296296296296297
p_420,0.3425925925925926
p_421,0.5185185185185185
p_422,0.49074074074074076
p_423,0.39814814814814814
p_424,0.5370370370370371
p_425,0.46296296296296297
p_426,0.46296296296296297
p_427,0.5092592592592593
p_428,0.4537037037037037
p_429,0.37037037037037035
p_430,0.4537037037037037
p_431,0.5
p_432,0.39814814814814814
p_433,0.4166666666666667
p_434,0.5462962962962963
p_435,0.37037037037037035
p_436,0.3425925925925926
p_437,0.3425925925925926
p_438,0.5185185185185185
p_439,0.39814814814814814
p_440,0.5370370370370371
p_441,0.5185185185185185
p_442,0.37962962962962965
p_443,0.4166666666666667
p_444,0.37037037037037035
p_445,0.4166666666666667
p_446,0.42592592592592593
p_447,0.5648148148148148
p_448,0.4074074074074074
p_449,0.4722222222222222
p_450,0.35185185185185186
p_451,0.4444444444444444
p_452,0.48148148148148145
p_453,0.5185185185185185
p_454,0.5092592592592593
p_455,0.5555555555555556
p_456,0.5
p_457,0.5648148148148148
p_458,0.5277777777777778
p_459,0.5462962962962963
p_460,0.4537037037037037
p_461,0.5
p_462,0.5462962962962963
p_463,0.5185185185185185
p_464,0.5370370370370371
p_465,0.37962962962962965
p_466,0.4537037037037037
p_467,0.5277777777777778
p_468,0.4351851851851852
p_469,0.5277777777777778
p_470,0.42592592592592593
p_471,0.4074074074074074
p_472,0.4722222222222222
p_473,0.46296296296296297
p_474,0.48148148148148145
p_475,0.5648148148148148
p_476,0.4351851851851852
p_477,0.5925925925925926
p_478,0.37037037037037035
p_479,0.5
p_480,0.4537037037037037
p_481,0.5092592592592593
p_482,0.42592592592592593
p_483,0.4444444444444444
p_484,0.46296296296296297
p_485,0.4166666666666667
p_486,0.4351851851851852
p_487,0.5
p_488,0.4444444444444444
p_489,0.3148148148148148
p_490,0.5740740740740741
p_491,0.37962962962962965
p_492,0.5277777777777778
p_493,0.5462962962962963
p_494,0.3888888888888889
p_495,0.39814814814814814
p_496,0.3611111111111111
p_497,0.4444444444444444
p_498,0.4351851851851852
p_499,0.4074074074074074
p_500,0.46296296296296297
p_501,0.42592592592592593
p_502,0.5277777777777778
p_503,0.5277777777777778
p_504,0.4444444444444444
p_505,0.48148148148148145
p_506,0.37037037037037035
p_507,0.42592592592592593
p_508,0.4722222222222222
p_509,0.3425925925925926
p_510,0.46296296296296297
p_511,0.4722222222222222
p_512,0.32407407407407407
p_513,0.39814814814814814
p_514,0.46296296296296297
p_515,0.3333333333333333
p_516,0.4351851851851852
p_517,0.5
p_518,0.46296296296296297
p_519,0.48148148148148145
p_520,0.4074074074074074
p_521,0.49074074074074076
p_522,0.5925925925925926
p_523,0.46296296296296297
p_524,0.5370370370370371
p_525,0.5462962962962963
p_526,0.5740740740740741
p_527,0.4074074074074074
p_528,0.42592592592592593
p_529,0.35185185185185186
p_530,0.4722222222222222
p_531,0.5648148148148148
p_532,0.49074074074074076
p_533,0.4074074074074074
p_534,0.4537037037037037
p_535,0.5277777777777778
p_536,0.5925925925925926
p_537,0.5555555555555556
p_538,0.49074074074074076
p_539,0.4722222222222222
p_540,0.4351851851851852
p_541,0.46296296296296297
p_542,0.5092592592592593
p_543,0.49074074074074076
p_544,0.39814814814814814
p_545,0.46296296296296297
p_546,0.5092592592592593
p_547,0.46296296296296297
p_548,0.3425925925925926
p_549,0.46296296296296297
p_550,0.5092592592592593
p_551,0.4351851851851852
p_552,0.42592592592592593
p_553,0.4537037037037037
p_554,0.5092592592592593
p_555,0.5925925925925926
p_556,0.5185185185185185
p_557,0.48148148148148145
p_558,0.4537037037037037
p_559,0.3333333333333333
p_560,0.37962962962962965
p_561,0.49074074074074076
p_562,0.5370370370370371
p_563,0.5092592592592593
p_564,0.46296296296296297
p_565,0.5648148148148148
p_566,0.3888888888888889
p_567,0.5277777777777778
p_568,0.3425925925925926
p_569,0.37962962962962965
p_570,0.37037037037037035
p_571,0.5277777777777778
p_572,0.4722222222222222
p_573,0.5092592592592593
p_574,0.5185185185185185
p_575,0.37037037037037035
p_576,0.46296296296296297
p_577,0.35185185185185186
p_578,0.48148148148148145
p_579,0.4537037037037037
p_580,0.6296296296296297
p_581,0.39814814814814814
p_582,0.6018518518518519
p_583,0.4444444444444444
p_584,0.42592592592592593
p_585,0.39814814814814814
p_586,0.3888888888888889
p_587,0.5462962962962963
p_588,0.48148148148148145
p_589,0.5
p_590,0.37962962962962965
p_591,0.5277777777777778
p_592,0.48148148148148145
p_593,0.4166666666666667
p_594,0.3425925925925926
p_595,0.5092592592592593
p_596,0.37037037037037035
p_597,0.39814814814814814
p_598,0.39814814814814814
p_599,0.5
p_600,0.4722222222222222
p_601,0.5
p_602,0.46296296296296297
p_603,0.46296296296296297
p_604,0.4537037037037037
p_605,0.39814814814814814
p_606,0.48148148148148145
p_607,0.5648148148148148
p_608,0.3333333333333333
p_609,0.46296296296296297
p_610,0.42592592592592593
p_611,0.32407407407407407
p_612,0.6018518518518519
p_613,0.5740740740740741
p_614,0.5277777777777778
p_615,0.3425925925925926
p_616,0.3888888888888889
p_617,0.35185185185185186
p_618,0.39814814814814814
p_619,0.37962962962962965
p_620,0.5
p_621,0.5277777777777778
p_622,0.5
p_623,0.37037037037037035
p_624,0.37962962962962965
p_625,0.3148148148148148
p_626,0.39814814814814814
p_627,0.3888888888888889
p_628,0.39814814814814814
p_629,0.39814814814814814
p_630,0.4537037037037037
p_631,0.5092592592592593
p_632,0.4444444444444444
p_633,0.5185185185185185
p_634,0.3888888888888889
p_635,0.3055555555555556
p_636,0.37962962962962965
p_637,0.4537037037037037
p_638,0.48148148148148145
p_639,0.4444444444444444
p_640,0.4537037037037037
p_641,0.35185185185185186
p_642,0.3611111111111111
p_643,0.3888888888888889
p_644,0.37962962962962965
p_645,0.4166666666666667
p_646,0.42592592592592593
p_647,0.4444444444444444
p_648,0.3888888888888889
p_649,0.49074074074074076
p_650,0.35185185185185186
p_651,0.46296296296296297
p_652,0.39814814814814814
p_653,0.4444444444444444
p_654,0.4444444444444444
p_655,0.48148148148148145
p_656,0.46296296296296297
p_657,0.35185185185185186
p_658,0.3333333333333333
p_659,0.4537037037037037
p_660,0.4166666666666667
p_661,0.4537037037037037
p_662,0.5462962962962963
p_663,0.3425925925925926
p_664,0.39814814814814814
p_665,0.37037037037037035
p_666,0.5092592592592593
p_667,0.46296296296296297
p_668,0.3425925925925926
p_669,0.42592592592592593
p_670,0.4537037037037037
p_671,0.4537037037037037
p_672,0.4537037037037037
p_673,0.4074074074074074
p_674,0.4351851851851852
p_675,0.39814814814814814
p_676,0.49074074074074076
p_677,0.4166666666666667
p_678,0.5462962962962963
p_679,0.4537037037037037
p_680,0.49074074074074076
p_681,0.3611111111111111
p_682,0.3888888888888889
p_683,0.46296296296296297
p_684,0.4722222222222222
p_685,0.3888888888888889
p_686,0.4444444444444444
p_687,0.5277777777777778
p_688,0.39814814814814814
p_689,0.46296296296296297
p_690,0.48148148148148145
p_691,0.3888888888888889
p_692,0.4537037037037037
p_693,0.6759259259259259
p_694,0.4166666666666667
p_695,0.4537037037037037
p_696,0.5092592592592593
p_697,0.5462962962962963
p_698,0.42592592592592593
p_699,0.5277777777777778
p_700,0.4444444444444444
p_701,0.5185185185185185
p_702,0.5740740740740741
p_703,0.4166666666666667
p_704,0.48148148148148145
p_705,0.37962962962962965
p_706,0.37962962962962965
p_707,0.46296296296296297
p_708,0.37962962962962965
p_709,0.3611111111111111
p_710,0.4074074074074074
p_711,0.3055555555555556
p_712,0.3148148148148148
p_713,0.42592592592592593
p_714,0.42592592592592593
p_715,0.4444444444444444
p_716,0.32407407407407407
p_717,0.3425925925925926
p_718,0.4351851851851852
p_719,0.46296296296296297
p_720,0.48148148148148145
p_721,0.37037037037037035
p_722,0.42592592592592593
p_723,0.3425925925925926
p_724,0.39814814814814814
p_725,0.37962962962962965
p_726,0.5092592592592593
p_727,0.3888888888888889
p_728,0.3888888888888889
p_729,0.3333333333333333
p_730,0.42592592592592593
p_731,0.5277777777777778
p_732,0.39814814814814814
p_733,0.4074074074074074
p_734,0.37962962962962965
p_735,0.3425925925925926
p_736,0.5092592592592593
p_737,0.3888888888888889
p_738,0.4351851851851852
p_739,0.4444444444444444
p_740,0.49074074074074076
p_741,0.4351851851851852
p_742,0.42592592592592593
p_743,0.4074074074074074
p_744,0.5092592592592593
p_745,0.37037037037037035
p_746,0.39814814814814814
p_747,0.4166666666666667
p_748,0.42592592592592593
p_749,0.37962962962962965
p_750,0.4444444444444444
p_751,0.32407407407407407
p_752,0.4074074074074074
p_753,0.4074074074074074
p_754,0.4444444444444444
p_755,0.35185185185185186
p_756,0.4537037037037037
p_757,0.4444444444444444
p_758,0.3148148148148148
p_759,0.46296296296296297
p_760,0.3333333333333333
p_761,0.5648148148148148
p_762,0.49074074074074076
p_763,0.5925925925925926
p_764,0.37037037037037035
p_765,0.4351851851851852
p_766,0.4074074074074074
p_767,0.5092592592592593
p_768,0.6203703703703703
p_769,0.5925925925925926
p_770,0.5462962962962963
p_771,0.3888888888888889
p_772,0.39814814814814814
p_773,0.48148148148148145
p_774,0.39814814814814814
p_775,0.5277777777777778
p_776,0.35185185185185186
p_777,0.5462962962962963
p_778,0.5370370370370371
p_779,0.4722222222222222
p_780,0.4351851851851852
p_781,0.3333333333333333
p_782,0.4444444444444444
p_783,0.35185185185185186
p_784,0.46296296296296297
p_785,0.4074074074074074
p_786,0.49074074074074076
p_787,0.4444444444444444
p_788,0.4444444444444444
p_789,0.3611111111111111
p_790,0.48148148148148145
p_791,0.42592592592592593
p_792,0.5
p_793,0.37962962962962965
p_794,0.49074074074074076
p_795,0.4074074074074074
p_796,0.39814814814814814
p_797,0.39814814814814814
p_798,0.46296296296296297
p_799,0.37962962962962965
p_800,0.46296296296296297
p_801,0.4351851851851852
p_802,0.3333333333333333
p_803,0.4074074074074074
p_804,0.37962962962962965
p_805,0.5092592592592593
p_806,0.5185185185185185
p_807,0.5277777777777778
p_808,0.48148148148148145
p_809,0.5277777777777778
p_810,0.37962962962962965
p_811,0.37037037037037035
p_812,0.5555555555555556
p_813,0.3888888888888889
p_814,0.3425925925925926
p_815,0.39814814814814814
p_816,0.5092592592592593
p_817,0.4722222222222222
p_818,0.6481481481481481
p_819,0.4351851851851852
p_820,0.3425925925925926
p_821,0.3425925925925926
p_822,0.48148148148148145
p_823,0.4722222222222222
p_824,0.32407407407407407
p_825,0.5
p_826,0.39814814814814814
p_827,0.49074074074074076
p_828,0.3611111111111111
p_829,0.5555555555555556
p_830,0.3611111111111111
p_831,0.5277777777777778
p_832,0.4722222222222222
p_833,0.4537037037037037
p_834,0.42592592592592593
p_835,0.5185185185185185
p_836,0.3333333333333333
p_837,0.4722222222222222
p_838,0.35185185185185186
p_839,0.3055555555555556
p_840,0.5740740740740741
p_841,0.5370370370370371
p_842,0.4537037037037037
p_843,0.3333333333333333
p_844,0.5277777777777778
p_845,0.39814814814814814
p_846,0.4351851851851852
p_847,0.4351851851851852
p_848,0.5555555555555556
p_849,0.3888888888888889
p_850,0.4722222222222222
p_851,0.39814814814814814
p_852,0.35185185185185186
p_853,0.3888888888888889
p_854,0.5
p_855,0.37962962962962965
p_856,0.37962962962962965
p_857,0.46296296296296297
p_858,0.46296296296296297
p_859,0.4166666666666667
p_860,0.3333333333333333
p_861,0.42592592592592593
p_862,0.46296296296296297
p_863,0.5277777777777778
p_864,0.42592592592592593
p_865,0.46296296296296297
p_866,0.42592592592592593
p_867,0.5
p_868,0.37962962962962965
p_869,0.4074074074074074
p_870,0.42592592592592593
p_871,0.4537037037037037
p_872,0.4074074074074074
p_873,0.39814814814814814
p_874,0.35185185185185186
p_875,0.5555555555555556
p_876,0.5925925925925926
p_877,0.37037037037037035
p_878,0.3888888888888889
p_879,0.3888888888888889
p_880,0.4537037037037037
p_881,0.5740740740740741
p_882,0.37962962962962965
p_883,0.5740740740740741
p_884,0.37962962962962965
p_885,0.3148148148148148
p_886,0.46296296296296297
p_887,0.3611111111111111
p_888,0.4444444444444444
p_889,0.5740740740740741
p_890,0.5092592592592593
p_891,0.5185185185185185
p_892,0.48148148148148145
p_893,0.5277777777777778
p_894,0.5370370370370371
p_895,0.49074074074074076
p_896,0.48148148148148145
p_897,0.4537037037037037
p_898,0.4166666666666667
p_899,0.46296296296296297
p_900,0.5277777777777778
p_901,0.3055555555555556
p_902,0.4074074074074074
p_903,0.39814814814814814
p_904,0.32407407407407407
p_905,0.35185185185185186
p_906,0.5092592592592593
p_907,0.2962962962962963
p_908,0.3611111111111111
p_909,0.4444444444444444
p_910,0.37037037037037035
p_911,0.4444444444444444
p_912,0.32407407407407407
p_913,0.3611111111111111
p_914,0.4444444444444444
p_915,0.4166666666666667
p_916,0.4351851851851852
p_917,0.48148148148148145
p_918,0.4166666666666667
p_919,0.5092592592592593
p_920,0.39814814814814814
p_921,0.5
p_922,0.4074074074074074
p_923,0.4166666666666667
p_924,0.39814814814814814
p_925,0.3333333333333333
p_926,0.42592592592592593
p_927,0.5092592592592593
p_928,0.35185185185185186
p_929,0.3333333333333333
p_930,0.4166666666666667
p_931,0.4722222222222222
p_932,0.5462962962962963
p_933,0.37962962962962965
p_934,0.4074074074074074
p_935,0.5277777777777778
p_936,0.42592592592592593
p_937,0.7129629629629629
p_938,0.5370370370370371
p_939,0.3611111111111111
p_940,0.5277777777777778
p_941,0.35185185185185186
p_942,0.48148148148148145
p_943,0.4351851851851852
p_944,0.5462962962962963
p_945,0.37962962962962965
p_946,0.5092592592592593
p_947,0.5648148148148148
p_948,0.42592592592592593
p_949,0.39814814814814814
p_950,0.49074074074074076
p_951,0.37037037037037035
p_952,0.4351851851851852
p_953,0.46296296296296297
p_954,0.4166666666666667
p_955,0.5370370370370371
p_956,0.5185185185185185
p_957,0.5462962962962963
p_958,0.4074074074074074
p_959,0.37037037037037035
p_960,0.4537037037037037
p_961,0.4351851851851852
p_962,0.3055555555555556
p_963,0.48148148148148145
p_964,0.46296296296296297
p_965,0.6018518518518519
p_966,0.3888888888888889
p_967,0.42592592592592593
p_968,0.3611111111111111
p_969,0.5
p_970,0.48148148148148145
p_971,0.46296296296296297
p_972,0.4166666666666667
p_973,0.3888888888888889
p_974,0.32407407407407407
p_975,0.4722222222222222
p_976,0.37037037037037035
p_977,0.49074074074074076
p_978,0.4537037037037037
p_979,0.4074074074074074
p_980,0.5277777777777778
p_981,0.46296296296296297
p_982,0.4166666666666667
p_983,0.37962962962962965
p_984,0.4444444444444444
p_985,0.46296296296296297
p_986,0.4351851851851852
p_987,0.39814814814814814
p_988,0.5648148148148148
p_989,0.4722222222222222
p_990,0.37962962962962965
p_991,0.42592592592592593
p_992,0.32407407407407407
p_993,0.4722222222222222
p_994,0.5
p_995,0.39814814814814814
p_996,0.49074074074074076
p_997,0.5185185185185185
p_998,0.3888888888888889
p_999,0.3611111111111111
p_1000,0.42592592592592593
p_1001,0.5092592592592593
p_1002,0.4074074074074074
p_1003,0.37962962962962965
p_1004,0.26851851851851855
p_1005,0.32407407407407407
p_1006,0.4537037037037037
p_1007,0.5555555555555556
p_1008,0.39814814814814814
p_1009,0.4722222222222222
p_1010,0.4351851851851852
p_1011,0.4351851851851852
p_1012,0.4166666666666667
p_1013,0.5555555555555556
p_1014,0.5
p_1015,0.46296296296296297
p_1016,0.4166666666666667
p_1017,0.4166666666666667
p_1018,0.5185185185185185
p_1019,0.4444444444444444
p_1020,0.3333333333333333
p_1021,0.5
p_1022,0.4166666666666667
p_1023,0.42592592592592593
p_1024,0.39814814814814814
p_1025,0.5648148148148148
p_1026,0.42592592592592593
p_1027,0.5185185185185185
p_1028,0.46296296296296297
p_1029,0.5277777777777778
p_1030,0.4074074074074074
p_1031,0.35185185185185186
p_1032,0.4351851851851852
p_1033,0.5555555555555556
p_1034,0.6481481481481481
p_1035,0.5277777777777778
p_1036,0.42592592592592593
p_1037,0.3888888888888889
p_1038,0.5092592592592593
p_1039,0.6666666666666666
p_1040,0.37962962962962965
p_1041,0.5
p_1042,0.5833333333333334
p_1043,0.3333333333333333
p_1044,0.4351851851851852
p_1045,0.37037037037037035
p_1046,0.4166666666666667
p_1047,0.37037037037037035
p_1048,0.42592592592592593
p_1049,0.4351851851851852
p_1050,0.4351851851851852
p_1051,0.4537037037037037
p_1052,0.46296296296296297
p_1053,0.4722222222222222
p_1054,0.46296296296296297
p_1055,0.4074074074074074
p_1056,0.3888888888888889
p_1057,0.5370370370370371
p_1058,0.5092592592592593
p_1059,0.3148148148148148
p_1060,0.4722222222222222
p_1061,0.5092592592592593
p_1062,0.4351851851851852
p_1063,0.5
p_1064,0.2962962962962963
p_1065,0.5740740740740741
p_1066,0.6018518518518519
p_1067,0.4351851851851852
p_1068,0.3888888888888889
p_1069,0.5740740740740741
p_1070,0.39814814814814814
p_1071,0.4074074074074074
p_1072,0.32407407407407407
p_1073,0.5
p_1074,0.4722222222222222
p_1075,0.42592592592592593
p_1076,0.3148148148148148
p_1077,0.5092592592592593
p_1078,0.3611111111111111
p_1079,0.4166666666666667
p_1080,0.46296296296296297
p_1081,0.3888888888888889
p_1082,0.39814814814814814
p_1083,0.5
p_1084,0.4074074074074074
p_1085,0.37037037037037035
p_1086,0.5370370370370371
p_1087,0.35185185185185186
p_1088,0.3425925925925926
p_1089,0.37962962962962965
p_1090,0.3611111111111111
p_1091,0.35185185185185186
p_1092,0.3888888888888889
p_1093,0.37962962962962965
p_1094,0.49074074074074076
p_1095,0.5462962962962963
p_1096,0.4537037037037037
p_1097,0.48148148148148145
p_1098,0.3611111111111111
p_1099,0.5925925925925926
p_1100,0.4722222222222222
p_1101,0.4166666666666667
p_1102,0.5648148148148148
p_1103,0.49074074074074076
p_1104,0.42592592592592593
p_1105,0.35185185185185186
p_1106,0.46296296296296297
p_1107,0.49074074074074076
p_1108,0.32407407407407407
p_1109,0.37962962962962965
p_1110,0.37962962962962965
p_1111,0.5833333333333334
p_1112,0.5648148148148148
p_1113,0.32407407407407407
p_1114,0.6111111111111112
p_1115,0.4166666666666667
p_1116,0.4444444444444444
p_1117,0.4444444444444444
p_1118,0.42592592592592593
p_1119,0.48148148148148145
p_1120,0.4074074074074074
p_1121,0.4722222222222222
p_1122,0.48148148148148145
p_1123,0.4166666666666667
p_1124,0.5925925925925926
p_1125,0.4166666666666667
p_1126,0.39814814814814814
p_1127,0.4166666666666667
p_1128,0.3888888888888889
p_1129,0.3333333333333333
p_1130,0.5092592592592593
p_1131,0.3888888888888889
p_1132,0.39814814814814814
p_1133,0.4166666666666667
p_1134,0.5
p_1135,0.4074074074074074
p_1136,0.5370370370370371
p_1137,0.3148148148148148
p_1138,0.48148148148148145
p_1139,0.5833333333333334
p_1140,0.4722222222222222
p_1141,0.39814814814814814
p_1142,0.4537037037037037
p_1143,0.3055555555555556
p_1144,0.37037037037037035
p_1145,0.3611111111111111
p_1146,0.39814814814814814
p_1147,0.4166666666666667
p_1148,0.5277777777777778
p_1149,0.39814814814814814
p_1150,0.3888888888888889
p_1151,0.5462962962962963
p_1152,0.4074074074074074
p_1153,0.4537037037037037
p_1154,0.42592592592592593
p_1155,0.4074074074074074
p_1156,0.4722222222222222
p_1157,0.46296296296296297
p_1158,0.37962962962962965
p_1159,0.46296296296296297
p_1160,0.39814814814814814
p_1161,0.4074074074074074
p_1162,0.4722222222222222
p_1163,0.48148148148148145
p_1164,0.39814814814814814
p_1165,0.4537037037037037
p_1166,0.4166666666666667
p_1167,0.4444444444444444
p_1168,0.49074074074074076
p_1169,0.5
p_1170,0.4351851851851852
p_1171,0.5740740740740741
p_1172,0.4166666666666667
p_1173,0.5833333333333334
p_1174,0.5462962962962963
p_1175,0.49074074074074076
p_1176,0.3888888888888889
p_1177,0.5925925925925926
p_1178,0.49074074074074076
p_1179,0.49074074074074076
p_1180,0.37962962962962965
p_1181,0.5555555555555556
p_1182,0.3425925925925926
p_1183,0.4722222222222222
p_1184,0.32407407407407407
p_1185,0.48148148148148145
p_1186,0.48148148148148145
p_1187,0.37037037037037035
p_1188,0.3888888888888889
p_1189,0.5092592592592593
p_1190,0.4351851851851852
p_1191,0.5092592592592593
p_1192,0.35185185185185186
p_1193,0.4444444444444444
p_1194,0.4537037037037037
p_1195,0.5
p_1196,0.42592592592592593
p_1197,0.46296296296296297
p_1198,0.4722222222222222
p_1199,0.5092592592592593
p_1200,0.2962962962962963
p_1201,0.4074074074074074
p_1202,0.4537037037037037
p_1203,0.4074074074074074
p_1204,0.37962962962962965
p_1205,0.42592592592592593
p_1206,0.5185185185185185
p_1207,0.3888888888888889
p_1208,0.4722222222222222
p_1209,0.3333333333333333
p_1210,0.4444444444444444
p_1211,0.49074074074074076
p_1212,0.37037037037037035
p_1213,0.4351851851851852
p_1214,0.4444444444444444
p_1215,0.48148148148148145
p_1216,0.5925925925925926
p_1217,0.5277777777777778
p_1218,0.5648148148148148
p_1219,0.4537037037037037
p_1220,0.3888888888888889
p_1221,0.4444444444444444
p_1222,0.37962962962962965
p_1223,0.2777777777777778
p_1224,0.5092592592592593
p_1225,0.42592592592592593
p_1226,0.4722222222222222
p_1227,0.4166666666666667
p_1228,0.3888888888888889
p_1229,0.4074074074074074
p_1230,0.6481481481481481
p_1231,0.5277777777777778
p_1232,0.5462962962962963
p_1233,0.5555555555555556
p_1234,0.4722222222222222
p_1235,0.5
p_1236,0.6388888888888888
p_1237,0.4537037037037037
p_1238,0.5555555555555556
p_1239,0.5277777777777778
p_1240,0.3333333333333333
p_1241,0.4722222222222222
p_1242,0.5092592592592593
p_1243,0.5370370370370371
p_1244,0.37962962962962965
p_1245,0.3611111111111111
p_1246,0.4351851851851852
p_1247,0.37037037037037035
p_1248,0.5
p_1249,0.4537037037037037
p_1250,0.32407407407407407
p_1251,0.3888888888888889
p_1252,0.4537037037037037
p_1253,0.3333333333333333
p_1254,0.4444444444444444
p_1255,0.48148148148148145
p_1256,0.5185185185185185
p_1257,0.4074074074074074
p_1258,0.3611111111111111
p_1259,0.37962962962962965
p_1260,0.4351851851851852
p_1261,0.42592592592592593
p_1262,0.4537037037037037
p_1263,0.48148148148148145
p_1264,0.3611111111111111
p_1265,0.4722222222222222
p_1266,0.37037037037037035
p_1267,0.3611111111111111
p_1268,0.39814814814814814
p_1269,0.4722222222222222
p_1270,0.3425925925925926
p_1271,0.3148148148148148
p_1272,0.5370370370370371
p_1273,0.3888888888888889
p_1274,0.48148148148148145
p_1275,0.3425925925925926
p_1276,0.37037037037037035
p_1277,0.4444444444444444
p_1278,0.5092592592592593
p_1279,0.4351851851851852
p_1280,0.42592592592592593
p_1281,0.3611111111111111
p_1282,0.4722222222222222
p_1283,0.32407407407407407
p_1284,0.4074074074074074
p_1285,0.4444444444444444
p_1286,0.49074074074074076
p_1287,0.2962962962962963
p_1288,0.35185185185185186
p_1289,0.5462962962962963
p_1290,0.46296296296296297
p_1291,0.2962962962962963
p_1292,0.37037037037037035
p_1293,0.4351851851851852
p_1294,0.4074074074074074
p_1295,0.42592592592592593
p_1296,0.5277777777777778
p_1297,0.4444444444444444
p_1298,0.4166666666666667
p_1299,0.39814814814814814
p_1300,0.3148148148148148
p_1301,0.4537037037037037
p_1302,0.4166666666666667
p_1303,0.37037037037037035
p_1304,0.3888888888888889
p_1305,0.42592592592592593
p_1306,0.3611111111111111
p_1307,0.5
p_1308,0.4166666666666667
p_1309,0.37037037037037035
p_1310,0.32407407407407407
p_1311,0.2962962962962963
p_1312,0.48148148148148145
p_1313,0.5833333333333334
p_1314,0.5648148148148148
p_1315,0.4166666666666667
p_1316,0.4537037037037037
p_1317,0.5185185185185185
p_1318,0.4166666666666667
p_1319,0.37037037037037035
p_1320,0.4166666666666667
p_1321,0.5370370370370371
p_1322,0.4537037037037037
p_1323,0.49074074074074076
p_1324,0.4074074074074074
p_1325,0.4166666666666667
p_1326,0.5
p_1327,0.42592592592592593
p_1328,0.4351851851851852
p_1329,0.3888888888888889
p_1330,0.37962962962962965
p_1331,0.4074074074074074
p_1332,0.37962962962962965
p_1333,0.5092592592592593
p_1334,0.35185185185185186
p_1335,0.4074074074074074
p_1336,0.5277777777777778
p_1337,0.35185185185185186
p_1338,0.4166666666666667
p_1339,0.3148148148148148
p_1340,0.37037037037037035
p_1341,0.6111111111111112
p_1342,0.35185185185185186
p_1343,0.3611111111111111
p_1344,0.46296296296296297
p_1345,0.5092592592592593
p_1346,0.5185185185185185
p_1347,0.46296296296296297
p_1348,0.5
p_1349,0.4351851851851852
p_1350,0.4444444444444444
p_1351,0.39814814814814814
p_1352,0.39814814814814814
p_1353,0.5185185185185185
p_1354,0.37962962962962965
p_1355,0.42592592592592593
p_1356,0.3888888888888889
p_1357,0.5092592592592593
p_1358,0.37962962962962965
p_1359,0.5
p_1360,0.4722222222222222
p_1361,0.4537037037037037
p_1362,0.42592592592592593
p_1363,0.4722222222222222
p_1364,0.5
p_1365,0.4074074074074074
p_1366,0.3888888888888889
p_1367,0.3611111111111111
p_1368,0.4351851851851852
p_1369,0.5648148148148148
p_1370,0.42592592592592593
p_1371,0.5370370370370371
p_1372,0.4166666666666667
p_1373,0.5
p_1374,0.4722222222222222
p_1375,0.3333333333333333
p_1376,0.4444444444444444
p_1377,0.5185185185185185
p_1378,0.3333333333333333
p_1379,0.37962962962962965
p_1380,0.48148148148148145
p_1381,0.5
p_1382,0.5185185185185185
p_1383,0.42592592592592593
p_1384,0.32407407407407407
p_1385,0.5277777777777778
p_1386,0.37037037037037035
p_1387,0.5185185185185185
p_1388,0.3611111111111111
p_1389,0.3148148148148148
p_1390,0.3888888888888889
p_1391,0.3425925925925926
p_1392,0.4074074074074074
p_1393,0.4722222222222222
p_1394,0.5648148148148148
p_1395,0.35185185185185186
p_1396,0.3425925925925926
p_1397,0.48148148148148145
p_1398,0.2962962962962963
p_1399,0.37962962962962965
p_1400,0.39814814814814814
p_1401,0.4166666666666667
p_1402,0.42592592592592593
p_1403,0.46296296296296297
p_1404,0.3611111111111111
p_1405,0.3888888888888889
p_1406,0.3333333333333333
p_1407,0.39814814814814814
p_1408,0.3425925925925926
p_1409,0.37037037037037035
p_1410,0.5462962962962963
p_1411,0.5092592592592593
p_1412,0.5462962962962963
p_1413,0.35185185185185186
p_1414,0.4166666666666667
p_1415,0.3148148148148148
p_1416,0.37962962962962965
p_1417,0.4444444444444444
p_1418,0.4074074074074074
p_1419,0.32407407407407407
p_1420,0.4074074074074074
p_1421,0.5
p_1422,0.5555555555555556
p_1423,0.32407407407407407
p_1424,0.5740740740740741
p_1425,0.48148148148148145
p_1426,0.3888888888888889
p_1427,0.5833333333333334
p_1428,0.5555555555555556
p_1429,0.5277777777777778
p_1430,0.4444444444444444
p_1431,0.3611111111111111
p_1432,0.49074074074074076
p_1433,0.5648148148148148
p_1434,0.37037037037037035
p_1435,0.4722222222222222
p_1436,0.4074074074074074
p_1437,0.3425925925925926
p_1438,0.4537037037037037
p_1439,0.37962962962962965
p_1440,0.5092592592592593
p_1441,0.37037037037037035
p_1442,0.5370370370370371
p_1443,0.5370370370370371
p_1444,0.39814814814814814
p_1445,0.3611111111111111
p_1446,0.49074074074074076
p_1447,0.42592592592592593
p_1448,0.4537037037037037
p_1449,0.3425925925925926
p_1450,0.4166666666666667
p_1451,0.4722222222222222
p_1452,0.6203703703703703
p_1453,0.3888888888888889
p_1454,0.4074074074074074
p_1455,0.4166666666666667
p_1456,0.5092592592592593
p_1457,0.46296296296296297
p_1458,0.3611111111111111
p_1459,0.4351851851851852
p_1460,0.5740740740740741
p_1461,0.5648148148148148
p_1462,0.42592592592592593
p_1463,0.5
p_1464,0.5092592592592593
p_1465,0.3888888888888889
p_1466,0.4444444444444444
p_1467,0.3888888888888889
p_1468,0.48148148148148145
p_1469,0.5555555555555556
p_1470,0.3055555555555556
p_1471,0.39814814814814814
p_1472,0.49074074074074076
p_1473,0.37037037037037035
p_1474,0.4351851851851852
p_1475,0.4166666666666667
p_1476,0.3425925925925926
p_1477,0.4722222222222222
p_1478,0.46296296296296297
p_1479,0.4722222222222222
p_1480,0.49074074074074076
p_1481,0.49074074074074076
p_1482,0.5555555555555556
p_1483,0.46296296296296297
p_1484,0.4722222222222222
p_1485,0.32407407407407407
p_1486,0.4722222222222222
p_1487,0.4444444444444444
p_1488,0.4537037037037037
p_1489,0.46296296296296297
p_1490,0.5740740740740741
p_1491,0.37962962962962965
p_1492,0.39814814814814814
p_1493,0.37962962962962965
p_1494,0.4166666666666667
p_1495,0.4166666666666667
p_1496,0.4722222222222222
p_1497,0.5092592592592593
p_1498,0.4537037037037037
p_1499,0.49074074074074076
p_1500,0.37962962962962965
p_1501,0.32407407407407407
p_1502,0.4166666666666667
p_1503,0.3888888888888889
p_1504,0.3148148148148148
p_1505,0.28703703703703703
p_1506,0.3148148148148148
p_1507,0.32407407407407407
p_1508,0.4722222222222222
p_1509,0.37037037037037035
p_1510,0.37962962962962965
p_1511,0.4074074074074074
p_1512,0.32407407407407407
p_1513,0.5277777777777778
p_1514,0.4074074074074074
p_1515,0.4351851851851852
p_1516,0.49074074074074076
p_1517,0.4537037037037037
p_1518,0.5462962962962963
p_1519,0.35185185185185186
p_1520,0.35185185185185186
p_1521,0.4351851851851852
p_1522,0.5092592592592593
p_1523,0.48148148148148145
p_1524,0.46296296296296297
p_1525,0.4166666666666667
p_1526,0.4074074074074074
p_1527,0.4722222222222222
p_1528,0.49074074074074076
p_1529,0.4444444444444444
p_1530,0.39814814814814814
p_1531,0.4722222222222222
p_1532,0.4074074074074074
p_1533,0.48148148148148145
p_1534,0.42592592592592593
p_1535,0.3888888888888889
p_1536,0.5
p_1537,0.37037037037037035
p_1538,0.3888888888888889
p_1539,0.3333333333333333
p_1540,0.5185185185185185
p_1541,0.42592592592592593
p_1542,0.4074074074074074
p_1543,0.39814814814814814
p_1544,0.5185185185185185
p_1545,0.37962962962962965
p_1546,0.4166666666666667
p_1547,0.4351851851851852
p_1548,0.3611111111111111
p_1549,0.32407407407407407
p_1550,0.5277777777777778
p_1551,0.4537037037037037
p_1552,0.4074074074074074
p_1553,0.3611111111111111
p_1554,0.42592592592592593
p_1555,0.32407407407407407
p_1556,0.37037037037037035
p_1557,0.3611111111111111
p_1558,0.42592592592592593
p_1559,0.49074074074074076
p_1560,0.4537037037037037
p_1561,0.5185185185185185
p_1562,0.4074074074074074
p_1563,0.5740740740740741
p_1564,0.5185185185185185
p_1565,0.5370370370370371
p_1566,0.4722222222222222
p_1567,0.42592592592592593
p_1568,0.4166666666666667
p_1569,0.37962962962962965
p_1570,0.5277777777777778
p_1571,0.3333333333333333
p_1572,0.5555555555555556
p_1573,0.4074074074074074
p_1574,0.46296296296296297
p_1575,0.5
p_1576,0.46296296296296297
p_1577,0.4351851851851852
p_1578,0.5092592592592593
p_1579,0.4074074074074074
p_1580,0.4444444444444444
p_1581,0.37962962962962965
p_1582,0.49074074074074076
p_1583,0.3888888888888889
p_1584,0.4074074074074074
p_1585,0.37037037037037035
p_1586,0.4722222222222222
p_1587,0.4444444444444444
p_1588,0.46296296296296297
p_1589,0.4166666666666667
p_1590,0.39814814814814814
p_1591,0.32407407407407407
p_1592,0.42592592592592593
p_1593,0.39814814814814814
p_1594,0.46296296296296297
p_1595,0.5740740740740741
p_1596,0.48148148148148145
p_1597,0.4166666666666667
p_1598,0.39814814814814814
p_1599,0.48148148148148145
p_1600,0.4166666666666667
p_1601,0.37962962962962965
p_1602,0.3055555555555556
p_1603,0.4166666666666667
p_1604,0.48148148148148145
p_1605,0.5277777777777778
p_1606,0.39814814814814814
p_1607,0.5277777777777778
p_1608,0.35185185185185186
p_1609,0.39814814814814814
p_1610,0.4444444444444444
p_1611,0.4722222222222222
p_1612,0.3888888888888889
p_1613,0.48148148148148145
p_1614,0.4351851851851852
p_1615,0.4351851851851852
p_1616,0.4444444444444444
p_1617,0.46296296296296297
p_1618,0.49074074074074076
p_1619,0.4166666666666667
p_1620,0.46296296296296297
p_1621,0.5462962962962963
p_1622,0.5092592592592593
p_1623,0.35185185185185186
p_1624,0.42592592592592593
p_1625,0.46296296296296297
p_1626,0.39814814814814814
p_1627,0.3888888888888889
p_1628,0.39814814814814814
p_1629,0.5277777777777778
p_1630,0.4444444444444444
p_1631,0.4537037037037037
p_1632,0.42592592592592593
p_1633,0.42592592592592593
p_1634,0.5
p_1635,0.46296296296296297
p_1636,0.4537037037037037
p_1637,0.5
p_1638,0.49074074074074076
p_1639,0.4444444444444444
p_1640,0.5370370370370371
p_1641,0.4722222222222222
p_1642,0.5
p_1643,0.4166666666666667
p_1644,0.48148148148148145
p_1645,0.5555555555555556
p_1646,0.4074074074074074
p_1647,0.35185185185185186
p_1648,0.4722222222222222
p_1649,0.5
p_1650,0.5
p_1651,0.3888888888888889
p_1652,0.4074074074074074
p_1653,0.4351851851851852
p_1654,0.5740740740740741
p_1655,0.5370370370370371
p_1656,0.5092592592592593
p_1657,0.42592592592592593
p_1658,0.4351851851851852
p_1659,0.4537037037037037
p_1660,0.4722222222222222
p_1661,0.49074074074074076
p_1662,0.4351851851851852
p_1663,0.42592592592592593
p_1664,0.5
p_1665,0.3333333333333333
p_1666,0.4537037037037037
p_1667,0.5092592592592593
p_1668,0.4537037037037037
p_1669,0.4444444444444444
p_1670,0.3611111111111111
p_1671,0.4166666666666667
p_1672,0.5
p_1673,0.48148148148148145
p_1674,0.5092592592592593
p_1675,0.4351851851851852
p_1676,0.5185185185185185
p_1677,0.39814814814814814
p_1678,0.4074074074074074
p_1679,0.3611111111111111
p_1680,0.4166666666666667
p_1681,0.39814814814814814
p_1682,0.4537037037037037
p_1683,0.3888888888888889
p_1684,0.37037037037037035
p_1685,0.3425925925925926
p_1686,0.5370370370370371
p_1687,0.4537037037037037
p_1688,0.4444444444444444
p_1689,0.4351851851851852
p_1690,0.4166666666666667
p_1691,0.3888888888888889
p_1692,0.3888888888888889
p_1693,0.5
p_1694,0.4351851851851852
p_1695,0.4351851851851852
p_1696,0.4074074074074074
p_1697,0.4166666666666667
p_1698,0.48148148148148145
p_1699,0.5277777777777778
p_1700,0.4444444444444444
p_1701,0.46296296296296297
p_1702,0.4537037037037037
p_1703,0.5092592592592593
p_1704,0.3611111111111111
p_1705,0.4074074074074074
p_1706,0.39814814814814814
p_1707,0.4537037037037037
p_1708,0.4166666666666667
p_1709,0.46296296296296297
p_1710,0.4537037037037037
p_1711,0.4351851851851852
p_1712,0.3611111111111111
p_1713,0.35185185185185186
p_1714,0.4444444444444444
p_1715,0.37037037037037035
p_1716,0.4166666666666667
p_1717,0.4722222222222222
p_1718,0.3148148148148148
p_1719,0.35185185185185186
p_1720,0.4074074074074074
p_1721,0.4166666666666667
p_1722,0.3425925925925926
p_1723,0.42592592592592593
p_1724,0.3888888888888889
p_1725,0.48148148148148145
p_1726,0.3611111111111111
p_1727,0.5555555555555556
p_1728,0.4074074074074074
p_1729,0.42592592592592593
p_1730,0.4722222222222222
p_1731,0.37962962962962965
p_1732,0.5462962962962963
p_1733,0.4444444444444444
p_1734,0.4074074074074074
p_1735,0.4537037037037037
p_1736,0.35185185185185186
p_1737,0.4166666666666667
p_1738,0.5185185185185185
p_1739,0.28703703703703703
p_1740,0.4166666666666667
p_1741,0.4166666666666667
p_1742,0.5092592592592593
p_1743,0.4166666666666667
p_1744,0.35185185185185186
p_1745,0.4074074074074074
p_1746,0.4444444444444444
p_1747,0.5462962962962963
p_1748,0.39814814814814814
p_1749,0.4351851851851852
p_1750,0.4351851851851852
p_1751,0.46296296296296297
p_1752,0.4537037037037037
p_1753,0.5277777777777778
p_1754,0.3888888888888889
p_1755,0.4166666666666667
p_1756,0.48148148148148145
p_1757,0.5370370370370371
p_1758,0.49074074074074076
p_1759,0.4166666666666667
p_1760,0.5092592592592593
p_1761,0.48148148148148145
p_1762,0.4166666666666667
p_1763,0.49074074074074076
p_1764,0.5185185185185185
p_1765,0.39814814814814814
p_1766,0.4537037037037037
p_1767,0.4166666666666667
p_1768,0.32407407407407407
p_1769,0.46296296296296297
p_1770,0.4444444444444444
p_1771,0.5092592592592593
p_1772,0.39814814814814814
p_1773,0.46296296296296297
p_1774,0.46296296296296297
p_1775,0.3611111111111111
p_1776,0.3055555555555556
p_1777,0.5185185185185185
p_1778,0.5185185185185185
p_1779,0.2777777777777778
p_1780,0.48148148148148145
p_1781,0.4537037037037037
p_1782,0.4444444444444444
p_1783,0.5
p_1784,0.5462962962962963
p_1785,0.46296296296296297
p_1786,0.4537037037037037
p_1787,0.4537037037037037
p_1788,0.46296296296296297
p_1789,0.5185185185185185
p_1790,0.5092592592592593
p_1791,0.5185185185185185
p_1792,0.4444444444444444
p_1793,0.5833333333333334
p_1794,0.48148148148148145
p_1795,0.3888888888888889
p_1796,0.35185185185185186
p_1797,0.46296296296296297
p_1798,0.5
p_1799,0.4166666666666667
p_1800,0.4166666666666667
p_1801,0.35185185185185186
p_1802,0.4537037037037037
p_1803,0.4074074074074074
p_1804,0.5092592592592593
p_1805,0.4351851851851852
p_1806,0.42592592592592593
p_1807,0.4351851851851852
p_1808,0.4166666666666667
p_1809,0.42592592592592593
p_1810,0.35185185185185186
p_1811,0.4074074074074074
p_1812,0.4166666666666667
p_1813,0.48148148148148145
p_1814,0.3425925925925926
p_1815,0.48148148148148145
p_1816,0.3611111111111111
p_1817,0.4074074074074074
p_1818,0.49074074074074076
p_1819,0.4722222222222222
p_1820,0.32407407407407407
p_1821,0.5092592592592593
p_1822,0.5833333333333334
p_1823,0.49074074074074076
p_1824,0.37962962962962965
p_1825,0.4074074074074074
p_1826,0.4722222222222222
p_1827,0.4444444444444444
p_1828,0.46296296296296297
p_1829,0.4074074074074074
p_1830,0.5277777777777778
p_1831,0.3888888888888889
p_1832,0.4074074074074074
p_1833,0.3888888888888889
p_1834,0.35185185185185186
p_1835,0.37037037037037035
p_1836,0.4074074074074074
p_1837,0.42592592592592593
p_1838,0.48148148148148145
p_1839,0.48148148148148145
p_1840,0.3425925925925926
p_1841,0.3425925925925926
p_1842,0.4444444444444444
p_1843,0.4444444444444444
p_1844,0.4074074074074074
p_1845,0.4074074074074074
p_1846,0.4166666666666667
p_1847,0.2777777777777778
p_1848,0.4351851851851852
p_1849,0.4722222222222222
p_1850,0.3611111111111111
p_1851,0.3611111111111111
p_1852,0.49074074074074076
p_1853,0.4351851851851852
p_1854,0.3888888888888889
p_1855,0.37037037037037035
p_1856,0.3888888888888889
p_1857,0.48148148148148145
p_1858,0.2777777777777778
p_1859,0.3888888888888889
p_1860,0.3888888888888889
p_1861,0.4074074074074074
p_1862,0.2962962962962963
p_1863,0.3333333333333333
p_1864,0.4166666666666667
p_1865,0.37962962962962965
p_1866,0.2962962962962963
p_1867,0.35185185185185186
p_1868,0.5
p_1869,0.3055555555555556
p_1870,0.4537037037037037
p_1871,0.2777777777777778
p_1872,0.24074074074074073
p_1873,0.37962962962962965
p_1874,0.37962962962962965
p_1875,0.4074074074074074
p_1876,0.3611111111111111
p_1877,0.35185185185185186
p_1878,0.4074074074074074
p_1879,0.37037037037037035
p_1880,0.35185185185185186
p_1881,0.3333333333333333
p_1882,0.32407407407407407
p_1883,0.3425925925925926
p_1884,0.3148148148148148
p_1885,0.37962962962962965
p_1886,0.3425925925925926
p_1887,0.3333333333333333
p_1888,0.39814814814814814
p_1889,0.35185185185185186
p_1890,0.32407407407407407
p_1891,0.35185185185185186
p_1892,0.3888888888888889
p_1893,0.3425925925925926
p_1894,0.32407407407407407
p_1895,0.37037037037037035
p_1896,0.37037037037037035
p_1897,0.3425925925925926
p_1898,0.3425925925925926
p_1899,0.4166666666666667
p_1900,0.49074074074074076
p_1901,0.26851851851851855
p_1902,0.42592592592592593
p_1903,0.3425925925925926
p_1904,0.37037037037037035
p_1905,0.3888888888888889
p_1906,0.3148148148148148
p_1907,0.37037037037037035
p_1908,0.37037037037037035
p_1909,0.35185185185185186
p_1910,0.3333333333333333
p_1911,0.35185185185185186
p_1912,0.2962962962962963
p_1913,0.37037037037037035
p_1914,0.39814814814814814
p_1915,0.28703703703703703
p_1916,0.3333333333333333
p_1917,0.32407407407407407
p_1918,0.37962962962962965
p_1919,0.3425925925925926
p_1920,0.4166666666666667
p_1921,0.39814814814814814
p_1922,0.3888888888888889
p_1923,0.3425925925925926
p_1924,0.3425925925925926
p_1925,0.37037037037037035
p_1926,0.32407407407407407
p_1927,0.37962962962962965
p_1928,0.35185185185185186
p_1929,0.4444444444444444
p_1930,0.4166666666666667
p_1931,0.42592592592592593
p_1932,0.42592592592592593
p_1933,0.39814814814814814
p_1934,0.3148148148148148
p_1935,0.46296296296296297
p_1936,0.4074074074074074
p_1937,0.39814814814814814
p_1938,0.48148148148148145
p_1939,0.37962962962962965
p_1940,0.37962962962962965
p_1941,0.37037037037037035
p_1942,0.42592592592592593
p_1943,0.4351851851851852
p_1944,0.4444444444444444
p_1945,0.5
p_1946,0.5
p_1947,0.48148148148148145
p_1948,0.48148148148148145
p_1949,0.4537037037037037
p_1950,0.46296296296296297
p_1951,0.5277777777777778
p_1952,0.5462962962962963
p_1953,0.5462962962962963
p_1954,0.5833333333333334
p_1955,0.5462962962962963
p_1956,0.5833333333333334
p_1957,0.5740740740740741
p_1958,0.5277777777777778
p_1959,0.5648148148148148
p_1960,0.5277777777777778
p_1961,0.5370370370370371
p_1962,0.6296296296296297
p_1963,0.6203703703703703
p_1964,0.6018518518518519
p_1965,0.6296296296296297
p_1966,0.5370370370370371
p_1967,0.6111111111111112
p_1968,0.6481481481481481
p_1969,0.6574074074074074
p_1970,0.6666666666666666
p_1971,0.6388888888888888
p_1972,0.6481481481481481
p_1973,0.6296296296296297
p_1974,0.5740740740740741
p_1975,0.6296296296296297
p_1976,0.6296296296296297
p_1977,0.6481481481481481
p_1978,0.6666666666666666
p_1979,0.6481481481481481
p_1980,0.6481481481481481
p_1981,0.6388888888888888
p_1982,0.6666666666666666
p_1983,0.6574074074074074
p_1984,0.6759259259259259
p_1985,0.6666666666666666
p_1986,0.6759259259259259
p_1987,0.6851851851851852
p_1988,0.6944444444444444
p_1989,0.6944444444444444
p_1990,0.6944444444444444
p_1991,0.7037037037037037
p_1992,0.7222222222222222
p_1993,0.7314814814814815
p_1994,0.7037037037037037
p_1995,0.7037037037037037
p_1996,0.7314814814814815
p_1997,0.7407407407407407
p_1998,0.7407407407407407
p_1999,0.7222222222222222
p_2000,0.7870370370370371
p_2001,0.7962962962962963
p_2002,0.7962962962962963
p_2003,0.8148148148148148
p_2004,0.8148148148148148
p_2005,0.8148148148148148
p_2006,0.8425925925925926
p_2007,0.8611111111111112
p_2008,0.8703703703703703
p_2009,0.8703703703703703
p_2010,0.8703703703703703
p_2011,0.8703703703703703
p_2012,0.8703703703703703
p_2013,0.8703703703703703
p_2014,0.8888888888888888
p_2015,0.8888888888888888
